--
-- PostgreSQL database dump
--

\restrict 0k3y2mX8Y4Lwvjvc4aR8vUfNsJBHhoMCdpwXEPbYJdQOgc2jg3PQIRb5FWGjorS

-- Dumped from database version 18.2
-- Dumped by pg_dump version 18.2

-- Started on 2026-06-12 13:51:42

SET statement_timeout = 0;
SET lock_timeout = 0;
SET idle_in_transaction_session_timeout = 0;
SET transaction_timeout = 0;
SET client_encoding = 'UTF8';
SET standard_conforming_strings = on;
SELECT pg_catalog.set_config('search_path', '', false);
SET check_function_bodies = false;
SET xmloption = content;
SET client_min_messages = warning;
SET row_security = off;

SET default_tablespace = '';

SET default_table_access_method = heap;

--
-- TOC entry 220 (class 1259 OID 16459)
-- Name: categoria; Type: TABLE; Schema: public; Owner: postgres
--

CREATE TABLE public.categoria (
    id integer NOT NULL,
    nome character varying(100) NOT NULL,
    descricao text,
    ativo boolean DEFAULT true
);


ALTER TABLE public.categoria OWNER TO postgres;

--
-- TOC entry 219 (class 1259 OID 16458)
-- Name: categoria_id_seq; Type: SEQUENCE; Schema: public; Owner: postgres
--

CREATE SEQUENCE public.categoria_id_seq
    AS integer
    START WITH 1
    INCREMENT BY 1
    NO MINVALUE
    NO MAXVALUE
    CACHE 1;


ALTER SEQUENCE public.categoria_id_seq OWNER TO postgres;

--
-- TOC entry 5057 (class 0 OID 0)
-- Dependencies: 219
-- Name: categoria_id_seq; Type: SEQUENCE OWNED BY; Schema: public; Owner: postgres
--

ALTER SEQUENCE public.categoria_id_seq OWNED BY public.categoria.id;


--
-- TOC entry 222 (class 1259 OID 16471)
-- Name: fornecedor; Type: TABLE; Schema: public; Owner: postgres
--

CREATE TABLE public.fornecedor (
    id integer NOT NULL,
    nome character varying(150) NOT NULL,
    cnpj character varying(18),
    telefone character varying(20),
    email character varying(150),
    endereco text,
    ativo boolean DEFAULT true
);


ALTER TABLE public.fornecedor OWNER TO postgres;

--
-- TOC entry 221 (class 1259 OID 16470)
-- Name: fornecedor_id_seq; Type: SEQUENCE; Schema: public; Owner: postgres
--

CREATE SEQUENCE public.fornecedor_id_seq
    AS integer
    START WITH 1
    INCREMENT BY 1
    NO MINVALUE
    NO MAXVALUE
    CACHE 1;


ALTER SEQUENCE public.fornecedor_id_seq OWNER TO postgres;

--
-- TOC entry 5060 (class 0 OID 0)
-- Dependencies: 221
-- Name: fornecedor_id_seq; Type: SEQUENCE OWNED BY; Schema: public; Owner: postgres
--

ALTER SEQUENCE public.fornecedor_id_seq OWNED BY public.fornecedor.id;


--
-- TOC entry 226 (class 1259 OID 16511)
-- Name: movimentacao_estoque; Type: TABLE; Schema: public; Owner: postgres
--

CREATE TABLE public.movimentacao_estoque (
    id integer NOT NULL,
    id_produto integer NOT NULL,
    tipo_movimentacao character varying(10) NOT NULL,
    quantidade integer NOT NULL,
    data_movimentacao timestamp without time zone DEFAULT CURRENT_TIMESTAMP,
    observacao text,
    CONSTRAINT movimentacao_estoque_quantidade_check CHECK ((quantidade > 0)),
    CONSTRAINT movimentacao_estoque_tipo_movimentacao_check CHECK (((tipo_movimentacao)::text = ANY ((ARRAY['ENTRADA'::character varying, 'SAIDA'::character varying])::text[])))
);


ALTER TABLE public.movimentacao_estoque OWNER TO postgres;

--
-- TOC entry 225 (class 1259 OID 16510)
-- Name: movimentacao_estoque_id_seq; Type: SEQUENCE; Schema: public; Owner: postgres
--

CREATE SEQUENCE public.movimentacao_estoque_id_seq
    AS integer
    START WITH 1
    INCREMENT BY 1
    NO MINVALUE
    NO MAXVALUE
    CACHE 1;


ALTER SEQUENCE public.movimentacao_estoque_id_seq OWNER TO postgres;

--
-- TOC entry 5063 (class 0 OID 0)
-- Dependencies: 225
-- Name: movimentacao_estoque_id_seq; Type: SEQUENCE OWNED BY; Schema: public; Owner: postgres
--

ALTER SEQUENCE public.movimentacao_estoque_id_seq OWNED BY public.movimentacao_estoque.id;


--
-- TOC entry 224 (class 1259 OID 16483)
-- Name: produto; Type: TABLE; Schema: public; Owner: postgres
--

CREATE TABLE public.produto (
    id integer NOT NULL,
    nome character varying(150) NOT NULL,
    descricao text,
    codigo_barras character varying(50),
    preco_custo numeric(10,2) DEFAULT 0,
    preco_venda numeric(10,2) DEFAULT 0,
    quantidade_estoque integer DEFAULT 0,
    estoque_minimo integer DEFAULT 0,
    id_categoria integer NOT NULL,
    id_fornecedor integer NOT NULL,
    ativo boolean DEFAULT true
);


ALTER TABLE public.produto OWNER TO postgres;

--
-- TOC entry 223 (class 1259 OID 16482)
-- Name: produto_id_seq; Type: SEQUENCE; Schema: public; Owner: postgres
--

CREATE SEQUENCE public.produto_id_seq
    AS integer
    START WITH 1
    INCREMENT BY 1
    NO MINVALUE
    NO MAXVALUE
    CACHE 1;


ALTER SEQUENCE public.produto_id_seq OWNER TO postgres;

--
-- TOC entry 5066 (class 0 OID 0)
-- Dependencies: 223
-- Name: produto_id_seq; Type: SEQUENCE OWNED BY; Schema: public; Owner: postgres
--

ALTER SEQUENCE public.produto_id_seq OWNED BY public.produto.id;


--
-- TOC entry 4871 (class 2604 OID 16462)
-- Name: categoria id; Type: DEFAULT; Schema: public; Owner: postgres
--

ALTER TABLE ONLY public.categoria ALTER COLUMN id SET DEFAULT nextval('public.categoria_id_seq'::regclass);


--
-- TOC entry 4873 (class 2604 OID 16474)
-- Name: fornecedor id; Type: DEFAULT; Schema: public; Owner: postgres
--

ALTER TABLE ONLY public.fornecedor ALTER COLUMN id SET DEFAULT nextval('public.fornecedor_id_seq'::regclass);


--
-- TOC entry 4881 (class 2604 OID 16514)
-- Name: movimentacao_estoque id; Type: DEFAULT; Schema: public; Owner: postgres
--

ALTER TABLE ONLY public.movimentacao_estoque ALTER COLUMN id SET DEFAULT nextval('public.movimentacao_estoque_id_seq'::regclass);


--
-- TOC entry 4875 (class 2604 OID 16486)
-- Name: produto id; Type: DEFAULT; Schema: public; Owner: postgres
--

ALTER TABLE ONLY public.produto ALTER COLUMN id SET DEFAULT nextval('public.produto_id_seq'::regclass);


--
-- TOC entry 5044 (class 0 OID 16459)
-- Dependencies: 220
-- Data for Name: categoria; Type: TABLE DATA; Schema: public; Owner: postgres
--

COPY public.categoria (id, nome, descricao, ativo) FROM stdin;
1	Periféricos	Produtos de uso externo ao computador	t
2	CAIXAS DE SOM	Dispositivos de saída de áudio utilizados para reprodução sonora externa.	t
3	CAMERA DIGITAL	Equipamentos eletrônicos destinados à captura de fotos e vídeos digitais.	t
4	COOLERS	Dispositivos responsáveis pelo resfriamento e controle térmico de computadores e componentes eletrônicos.	t
5	DIVERSOS	Categoria destinada a produtos variados que não se enquadram nas demais classificações.	t
6	ESTABILIZADOR	Equipamento utilizado para estabilizar a tensão elétrica e proteger dispositivos eletrônicos.	t
7	FONES	Equipamentos de áudio individuais utilizados para reprodução sonora em computadores e dispositivos móveis.	t
8	FONTE	Equipamentos responsáveis pelo fornecimento e conversão de energia elétrica para computadores.	t
9	GABINETE	Estrutura física responsável por acomodar e proteger os componentes internos do computador.	t
10	GAVETA	Estruturas e acessórios utilizados para acomodação, organização ou adaptação de dispositivos de armazenamento.	t
11	GRAVADORA	Equipamentos destinados à leitura e gravação de mídias digitais, como CDs e DVDs e leitores de cartão.	t
12	HDS	Dispositivos de armazenamento magnético utilizados para guardar dados e arquivos digitais.	t
13	IMPRESSORA	Equipamentos destinados à impressão de documentos, imagens e outros materiais digitais.	t
14	MEMÓRIA	Componentes utilizados para armazenamento temporário e processamento rápido de informações.	t
15	MIDIAS	Dispositivos físicos utilizados para armazenamento e transporte de dados digitais.	t
16	MONITOR	Dispositivos de saída de vídeo utilizados para exibição de imagens e informações do computador.	t
17	MOUSE	Dispositivos apontadores utilizados para interação e navegação em sistemas computacionais.	t
18	NOBREAK	Equipamentos que fornecem energia temporária em caso de queda elétrica e proteção contra oscilações.	t
19	PEN DRIVE	Dispositivos portáteis de armazenamento de dados conectados via USB.	t
20	PLACA MAE	Componente principal responsável pela integração e comunicação entre todos os dispositivos do computador.	t
21	PLACAS PCI	Componentes de expansão conectados ao barramento PCI para adicionar funcionalidades ao computador.	t
22	PROCESSADOR	Componente principal responsável pelo processamento de dados e execução de instruções do sistema.	t
23	REDE	Equipamentos e acessórios destinados à comunicação e conectividade de redes de computadores.	t
24	TABLETS	Dispositivos móveis touchscreen utilizados para acesso a sistemas, internet e aplicações digitais.	t
25	TECLADO	Dispositivos de entrada utilizados para digitação e comandos em computadores.	t
26	VGA	Componentes responsáveis pelo processamento gráfico e geração de imagens em computadores.	t
27	WEB CAM	Câmeras digitais utilizadas para videoconferências, gravações e transmissões em computadores.	t
28	teste	teste de inclusão correção	t
\.


--
-- TOC entry 5046 (class 0 OID 16471)
-- Dependencies: 222
-- Data for Name: fornecedor; Type: TABLE DATA; Schema: public; Owner: postgres
--

COPY public.fornecedor (id, nome, cnpj, telefone, email, endereco, ativo) FROM stdin;
1	Tech Distribuidora Atualizada	00.000.000/0001-00	(62)98888-7777	novoemail@tech.com	Aparecida de Goiânia - GO	t
2	AMD	23.341.204/0001-20	62 99120-1020	comercial@amd.com.br	Rua 5, 145	t
3	AOC	70.674.537/0001-73	62 99143-1043	comercial@aoc.com.br	Av. Independência, 890	t
4	ATI	27.907.860/0001-16	62 99156-1056	vendas@ati.com.br	Rua Aroeira, 590	t
5	BIOSTAR	47.341.204/0001-40	62 99140-1040	contato@biostar.com.br	Rua Ômega, 410	t
6	BMI	44.674.537/0001-43	62 99113-1013	comercial@bmi.com.br	Av. T-9, 320	t
7	C3 TECH	54.896.759/0001-55	62 99105-1005	suporte@c3tech.com.br	Av. Anhanguera, 1500	t
8	CARD	48.230.193/0001-39	62 99149-1049	suporte@card.com.br	Av. Jamel Cecílio, 820	t
9	COOLER MASTER	55.785.648/0001-54	62 99114-1014	vendas@coolermaster.com.br	Rua C-137, 765	t
10	CORSAIR	77.907.860/0001-76	62 99116-1016	suporte@corsair.com.br	Rua 90, 620	t
11	D-LINK	80.896.759/0001-85	62 99135-1035	comercial@dlink.com.br	Av. Primeira Avenida, 910	t
12	ECS	82.674.537/0001-83	62 99153-1053	suporte@ecs.com.br	Av. Oeste, 550	t
13	ENCORE	11.341.204/0001-10	62 99110-1010	contato@encore.com.br	Rua C-4, 87	t
14	ENERMAX	33.563.426/0001-32	62 99112-1012	energia@enermax.com.br	Rua 8, 455	t
15	EVGA	71.563.426/0001-72	62 99152-1052	vendas@evga.com.br	Rua 9, 430	t
16	FIOLUX	22.452.315/0001-21	62 99111-1011	vendas@fiolux.com.br	Av. Perimetral Norte, 900	t
17	FIREWIRE	26.018.971/0001-17	62 99147-1047	contato@firewire.com.br	Av. Vera Cruz, 500	t
18	FORTREK	88.018.971/0001-87	62 99117-1017	comercial@fortrek.com.br	Av. Rio Verde, 1120	t
19	GENERICO	10.482.315/0001-11	62 99101-1001	contato@generico.com.br	Av. Independência, 1200	t
20	GENESIS	15.907.860/0001-06	62 99146-1046	comercial@genesis.com.br	Rua T-28, 720	t
21	GIGABYTE	58.452.315/0001-51	62 99141-1041	vendas@gigabyte.com.br	Av. Eixo Norte, 530	t
22	GIGASTORAGE	89.907.860/0001-86	62 99126-1026	vendas@gigastorage.com.br	Rua 52, 230	t
23	HANTOL	50.230.193/0001-49	62 99159-1059	contato@hantol.com.br	Av. Cerrado, 660	t
24	HP	98.230.193/0001-99	6299109-1009	suporte@hp.com.br	Av. Universitária, 120	t
25	HUAWEI	79.785.648/0001-74	62 99134-1034	vendas@huawei.com.br	Rua Delta, 320	t
26	INTEL	34.452.315/0001-31	62 99121-1021	atendimento@intel.com.br	Av. República do Líbano, 990	t
27	KAIOMY	46.452.315/0001-41	62 99131-1031	comercial@kaiomy.com.br	Av. Europa, 700	t
28	KINGSTON	14.018.971/0001-07	62 99137-1037	vendas@kingston.com.br	Av. Beta, 620	t
29	LG	56.674.537/0001-53	62 99123-1023	vendas@lg.com.br	Av. T-4, 480	t
30	LITEON	67.785.648/0001-64	62 99124-1024	comercial@liteon.com.br	Rua C-12, 340	t
31	MARKVISION	25.129.082/0001-18	62 99138-1038	suporte@markvision.com.br	Rua Gama, 780	t
32	MATRIZ	91.907.860/0001-96	62 99136-1036	contato@matriz.com.br	Rua Alpha, 150	t
33	MICROSOFT	59.341.204/0001-50	62 99150-1050	comercial@microsoft.com.br	Rua T-55, 940	t
34	MSI	69.563.426/0001-62	62 99142-1042	suporte@msi.com.br	Rua 100, 330	t
35	MULTILASER	65.907.860/0001-66	62 99106-1006	contato@multilaser.com.br	Rua 10, 210	t
36	MYMAX	21.593.426/0001-22	62 99102-1002	vendas@mymax.com.br	Rua T-63, 455	t
37	NEW DRIVE	45.563.426/0001-42	62 99122-1022	suporte@newdrive.com.br	Rua 7, 210	t
38	NEWLINK	92.896.759/0001-95	62 99145-1045	vendas@newlink.com.br	Av. Circular, 600	t
39	NOKIA	68.674.537/0001-63	62 99133-1033	contato@nokia.com.br	Av. Central, 430	t
40	NVIDIA	93.785.648/0001-94	62 99154-1054	comercial@nvidia.com.br	Rua 3, 880	t
41	PARALELA	57.563.426/0001-52	62 99132-1032	suporte@paralela.com.br	Rua 24, 890	t
42	PHILIPS	81.785.648/0001-84	62 99144-1044	contato@philips.com.br	Rua C-15, 240	t
43	PLEOMAX	60.452.315/0001-61	62 99151-1051	contato@pleomax.com.br	Av. 136, 310	t
44	PLUG	43.785.648/0001-44	62 99104-1004	atendimento@plug.com.br	Rua 44, 300	t
45	POINT OF VIEW	38.018.971/0001-27	62 99157-1057	suporte@pointofview.com.br	Av. Palmeiras, 250	t
46	POWER COLOR	16.896.759/0001-05	62 99155-1055	contato@powercolor.com.br	Av. Norte Sul, 740	t
47	SAMSUNG	87.129.082/0001-88	62 99108-1008	comercial@samsung.com.br	Rua 136, 540	t
48	SANDISK	36.230.193/0001-29	62 99139-1039	comercial@sandisk.com.br	Av. Delta, 920	t
49	SEAGATE	13.129.082/0001-08	62 99128-1028	comercial@seagate.com.br	Rua Espanha, 600	t
50	SENTEY	12.230.193/0001-09	62 99119-1019	vendas@sentey.com.br	Av. 85, 330	t
51	SKYMEDIA	37.129.082/0001-28	62 99148-1048	vendas@skymedia.com.br	Rua dos Ipês, 660	t
52	SONY	76.018.971/0001-77	62 99107-1007	vendas@sony.com.br	Av. Castelo Branco, 780	t
53	SOULTECH	32.674.537/0001-33	62 99103-1003	comercial@soultech.com.br	Av. Goiás Norte, 900	t
54	TDK	78.896.759/0001-75	62 99125-1025	contato@tdk.com.br	Av. Goiás, 890	t
55	THERMAL TAKE	66.896.759/0001-65	62 99115-1015	contato@thermaltake.com.br	Av. Mutirão, 450	t
56	TOSHIBA	24.230.193/0001-19	62 99129-1029	contato@toshiba.com.br	Av. Itália, 210	t
57	TP-LINK	35.341.204/0001-30	62 99130-1030	vendas@tplink.com.br	Rua França, 550	t
58	WESTERN DIGITAL	90.018.971/0001-97	62 99127-1027	suporte@wdigital.com.br	Av. Milão, 450	t
59	ZOGIS	49.129.082/0001-38	62 99158-1058	comercial@zogis.com.br	Rua das Flores, 770	t
\.


--
-- TOC entry 5050 (class 0 OID 16511)
-- Dependencies: 226
-- Data for Name: movimentacao_estoque; Type: TABLE DATA; Schema: public; Owner: postgres
--

COPY public.movimentacao_estoque (id, id_produto, tipo_movimentacao, quantidade, data_movimentacao, observacao) FROM stdin;
1	1	ENTRADA	5	2026-03-23 14:56:44.407616	Reposição de estoque
2	1	ENTRADA	5	2026-03-23 15:09:34.440666	Reposição de estoque
3	1	SAIDA	24	2026-03-23 15:18:45.280059	Venda / baixa de item
4	1	SAIDA	2	2026-05-13 19:10:58.582639	venda de Mouse Gamer RGB
5	2	SAIDA	1	2026-05-13 19:11:31.510416	venda de Teclado Mecânico
6	3	SAIDA	3	2026-05-13 19:11:50.454393	venda de Pen Drives 32GB
7	4	SAIDA	1	2026-05-16 10:15:55.5826	venda de SSD Kingston 480GB
8	5	SAIDA	2	2026-05-16 10:15:55.5826	venda de Headsets Gamer
9	1	SAIDA	1	2026-05-16 10:15:55.5826	Produto enviado para manutenção
10	2	SAIDA	2	2026-05-16 10:15:55.5826	Produto utilizado em teste interno
11	3	SAIDA	1	2026-05-16 10:15:55.5826	Produto danificado no estoque
12	4	SAIDA	1	2026-05-16 10:15:55.5826	Saída para demonstração
13	5	SAIDA	2	2026-05-16 10:15:55.5826	Transferência interna
14	1	ENTRADA	10	2026-05-16 10:15:55.5826	Reposição de Mouse Gamer RGB
15	2	ENTRADA	5	2026-05-20 12:30:50.1826	Reposição de Teclados
16	3	ENTRADA	20	2026-05-20 12:30:50.1826	ENTRADA de Pen Drives
17	4	ENTRADA	8	2026-05-20 12:30:50.1826	Reposição de SSDs
18	5	ENTRADA	6	2026-05-20 12:30:50.1826	Reposição de Headsets
19	6	SAIDA	1	2026-05-20 12:30:50.1826	venda de Monitor LG 24 Polegadas
20	7	SAIDA	2	2026-05-20 12:30:50.1826	venda de Memória RAM DDR4
21	8	SAIDA	1	2026-05-21 09:45:50.2826	venda de Fonte Corsair 650W
22	9	SAIDA	4	2026-05-21 09:45:50.2826	venda de Cabos HDMI
23	10	SAIDA	1	2026-05-21 09:45:50.2826	venda de Webcam Full HD
24	11	SAIDA	2	2026-05-21 09:45:50.2826	venda de SSD NVME 1TB
25	12	SAIDA	1	2026-05-21 09:45:50.2826	venda de Processador AMD Ryzen
26	13	SAIDA	3	2026-05-21 09:45:50.2826	venda de Caixas de Som
27	14	SAIDA	1	2026-05-21 09:45:50.2826	venda de Nobreak 1200VA
28	15	SAIDA	2	2026-05-21 09:45:50.2826	venda de Mouse Sem Fio
29	6	SAIDA	1	2026-05-22 16:22:53.582639	Monitor enviado para troca
30	7	SAIDA	1	2026-05-22 16:22:53.582639	Produto reservado para laboratório
31	8	SAIDA	2	2026-05-22 16:22:53.582639	Fontes utilizadas em manutenção
32	9	SAIDA	3	2026-05-22 16:22:53.582639	Cabos separados para evento
33	10	SAIDA	1	2026-05-22 16:22:53.582639	Webcam utilizada em treinamento
34	11	SAIDA	1	2026-05-22 16:22:53.582639	SSD com defeito encaminhado ao suporte
35	12	SAIDA	1	2026-05-22 16:22:53.582639	Produto enviado para testes internos
36	13	SAIDA	2	2026-05-22 16:22:53.582639	Caixas de som utilizadas em demonstração
37	14	SAIDA	1	2026-05-22 16:22:53.582639	Nobreak enviado para manutenção preventiva
38	15	SAIDA	1	2026-05-24 17:59:58.45269	Mouse utilizado em setup interno
39	6	ENTRADA	5	2026-05-24 17:59:58.45269	Reposição de monitores
40	7	ENTRADA	10	2026-05-24 17:59:58.45269	ENTRADA de memórias RAM
41	8	ENTRADA	4	2026-05-24 17:59:58.45269	Reposição de fontes Corsair
42	9	ENTRADA	20	2026-05-24 17:59:58.45269	ENTRADA de cabos HDMI
43	10	ENTRADA	6	2026-05-24 17:59:58.45269	Reposição de webcams
44	11	ENTRADA	8	2026-05-24 17:59:58.45269	ENTRADA de SSD NVME
45	12	ENTRADA	3	2026-05-26 08:10:40.347666	Reposição de processadores AMD
46	13	ENTRADA	7	2026-05-26 08:10:40.347666	ENTRADA de caixas de som
47	14	ENTRADA	4	2026-05-26 08:10:40.347666	Reposição de nobreaks
48	15	ENTRADA	12	2026-05-26 08:10:40.347666	ENTRADA de mouse sem fio
\.


--
-- TOC entry 5048 (class 0 OID 16483)
-- Dependencies: 224
-- Data for Name: produto; Type: TABLE DATA; Schema: public; Owner: postgres
--

COPY public.produto (id, nome, descricao, codigo_barras, preco_custo, preco_venda, quantidade_estoque, estoque_minimo, id_categoria, id_fornecedor, ativo) FROM stdin;
1	Mouse USB Atualizado	Mouse óptico com fio atualizado	123456789	30.00	55.00	20	5	1	1	t
2	CABO DE DADOS SATA MYMAX	CABO DE DADOS SATA MYMAX	789002	2.80	4.06	59	1	1	11	t
3	CABO DE FORCA SATA 0.15M WSTA-15/STA-15C	CABO DE FORCA SATA 0.15M WSTA-15/STA-15C	789003	3.00	4.35	32	2	1	23	t
4	CABO EXTENSOR USB 1.8 MT COD 7002	CABO EXTENSOR USB 1.8 MT COD 7002	789004	3.50	5.08	3	5	1	16	t
5	CABO P/ IMPRESSORA USB 2.0 A/B 1.5MT MYMAX 	CABO P/ IMPRESSORA USB 2.0 A/B 1.5MT MYMAX 	789005	3.90	5.66	30	5	1	14	t
6	CABO AUDIO/VIDEO MINI HDMI VERSAO 1.3C 1.2 METROS WMHDM/MM12-M	CABO AUDIO/VIDEO MINI HDMI VERSAO 1.3C 1.2 METROS WMHDM/MM12-M	789006	13.00	18.85	8	4	1	26	t
7	CABO HDMI/HDMI AUDIO/VIDEO 2MT COD.7008	CABO HDMI/HDMI AUDIO/VIDEO 2MT COD.7008	789007	14.00	20.30	43	5	1	21	t
8	CABO USB A/B SOULTECH 1.8MT COD 7001	CABO USB A/B SOULTECH 1.8MT COD 7001	789008	3.90	5.66	53	2	1	12	t
9	CABO HDMI P/AUDIO E VIDEO GENERICO	CABO HDMI P/AUDIO E VIDEO GENERICO	789009	9.90	14.36	38	3	1	37	t
10	CABO VGA MONITOR SOULTECH 1.8MT  MACHO/MACHO  COD.7005	CABO VGA MONITOR SOULTECH 1.8MT  MACHO/MACHO  COD.7005	789010	11.00	15.95	8	1	1	24	t
11	CONECTOR RJ 45 PLUG PC-CNRJ01	CONECTOR RJ 45 PLUG PC-CNRJ01	789011	0.50	0.73	59	1	1	36	t
12	CABO RJ45 1.8MT GRIPADO	CABO RJ45 1.8MT GRIPADO	789012	3.50	5.08	7	1	1	47	t
13	CAIXA DE SOM 2.1 AMPLIF C3TECH SP-232	CAIXA DE SOM 2.1 AMPLIF C3TECH SP-232	789013	115.00	166.75	29	2	2	21	t
14	CAIXA DE SOM USB MULTIMIDIA SPO44	CAIXA DE SOM USB MULTIMIDIA SPO44	789014	11.90	17.26	31	4	2	22	t
15	CAIXA DE SOM 2.0 USB 5W PRETO SP090	CAIXA DE SOM 2.0 USB 5W PRETO SP090	789015	21.90	31.76	7	5	2	18	t
16	CAIXA DE SOM USB BALL 6W PRETO SP107 MULTILASER	CAIXA DE SOM USB BALL 6W PRETO SP107 MULTILASER	789016	31.00	44.95	11	2	2	24	t
17	CAIXA DE SOM 2.0 USB 6W BLACK PIANO Cont vol/Ent p/Mic SOULTECH COD.5001	CAIXA DE SOM 2.0 USB 6W BLACK PIANO Cont vol/Ent p/Mic SOULTECH COD.5001	789017	16.00	23.20	46	1	2	58	t
18	MINI CAIXA DE SOM 2.0 USB  6W PRETO SOULTECH COD.5003	MINI CAIXA DE SOM 2.0 USB  6W PRETO SOULTECH COD.5003	789018	18.90	27.41	15	4	2	52	t
19	CAIXA DE SOM 2.0 SOULTECH USB COD 5004	CAIXA DE SOM 2.0 SOULTECH USB COD 5004	789019	57.00	82.65	34	1	2	21	t
20	CAIXA DE SOM SUBWOOFER 2.1 TCS3150 115/230V   C3TECH 10W RMS	CAIXA DE SOM SUBWOOFER 2.1 TCS3150 115/230V   C3TECH 10W RMS	789020	79.00	114.55	21	2	2	39	t
21	C MERA DIGITAL SONY DSC-W610 14.1 CYBERSHOT PRETO	C MERA DIGITAL SONY DSC-W610 14.1 CYBERSHOT PRETO	789021	289.00	419.05	9	3	3	7	t
22	CAMERA DIGITAL SONY DSC-W630 16.1  CYBERSHOT PRETA	CAMERA DIGITAL SONY DSC-W630 16.1  CYBERSHOT PRETA	789022	344.00	498.80	54	4	3	56	t
23	CAMERA DIGITAL SAMSUNG PL20 14.2 PRETA	CAMERA DIGITAL SAMSUNG PL20 14.2 PRETA	789023	236.00	342.20	39	3	3	52	t
24	CAMERA DIGITAL SAMSUNG ST68 BLACK	CAMERA DIGITAL SAMSUNG ST68 BLACK	789024	248.00	359.60	51	1	3	21	t
25	CARTUCHO DE TINTA HP 21 C9351AI PRETO 	CARTUCHO DE TINTA HP 21 C9351AI PRETO 	789025	34.90	50.61	28	1	5	16	t
26	CARTUCHO DE TINTA HP 22 C9352AB COLOR 	CARTUCHO DE TINTA HP 22 C9352AB COLOR 	789026	44.70	64.82	24	2	5	24	t
27	CARTUCHO DE TINTA HP 60 CC640WI PRETO	CARTUCHO DE TINTA HP 60 CC640WI PRETO	789027	39.00	56.55	34	2	5	49	t
28	CARTUCHO DE TINTA HP 60 CC643WB COLOR	CARTUCHO DE TINTA HP 60 CC643WB COLOR	789028	47.50	68.88	35	3	5	44	t
29	CARTUCHO DE TINTA HP 28 C8728AB COLOR 8ML  	CARTUCHO DE TINTA HP 28 C8728AB COLOR 8ML  	789029	53.90	78.16	57	2	5	57	t
30	CARTUCHO DE TINTA HP 56B C6656BB PRETO	CARTUCHO DE TINTA HP 56B C6656BB PRETO	789030	23.50	34.08	49	5	5	47	t
31	CARTUCHO DE TINTA HP 74 CB335WI PRETO	CARTUCHO DE TINTA HP 74 CB335WI PRETO	789031	29.00	42.05	47	5	5	25	t
32	CARTUCHO DE TINTA HP 122 CH561HB PRETO 	CARTUCHO DE TINTA HP 122 CH561HB PRETO 	789032	23.50	34.08	15	1	5	3	t
33	CARTUCHO DE TINTA ORIGINAL HP 122 COLOR	CARTUCHO DE TINTA ORIGINAL HP 122 COLOR	789033	28.00	40.60	9	2	5	35	t
34	CARTUCHO DE TINTA HP 901 CC653AI PRETO	CARTUCHO DE TINTA HP 901 CC653AI PRETO	789034	37.50	54.38	56	5	5	25	t
35	CARTUCHO DE TINTA HP 901 CC656AL COLOR	CARTUCHO DE TINTA HP 901 CC656AL COLOR	789035	65.50	94.98	22	1	5	1	t
36	CARTUCHO DE TINTA HP 75 CB337WB COLLOR	CARTUCHO DE TINTA HP 75 CB337WB COLLOR	789036	48.50	70.33	4	2	5	6	t
37	CARTUCHO DE TINTA HP 122  XL PRETO	CARTUCHO DE TINTA HP 122  XL PRETO	789037	66.50	96.43	20	5	5	17	t
38	TONER ORIGINAL HP 36A   LASER JET CB436A ORIGINAL 	TONER ORIGINAL HP 36A   LASER JET CB436A ORIGINAL 	789038	159.90	231.86	46	5	5	38	t
39	FONTE P/NOTE UNIVERSAL ENCA-PA10	FONTE P/NOTE UNIVERSAL ENCA-PA10	789039	55.00	79.75	43	5	5	49	t
40	FONTE P/NOTEBOOK 90W NB-90 C3TECH	FONTE P/NOTEBOOK 90W NB-90 C3TECH	789040	68.00	98.60	29	2	5	56	t
41	APOIO PARA TECLADO EM GEL SOULTECH COD.4001	APOIO PARA TECLADO EM GEL SOULTECH COD.4001	789041	25.50	36.98	23	5	5	5	t
42	CASE PARA NOTEBOOK SOULTECH 14.1 COD.3001 PRETA	CASE PARA NOTEBOOK SOULTECH 14.1 COD.3001 PRETA	789042	18.00	26.10	47	1	5	54	t
43	CONTROLE ANALOGICO JOYSTICK USB PRETO  JS030 MULTILASER	CONTROLE ANALOGICO JOYSTICK USB PRETO  JS030 MULTILASER	789043	22.50	32.63	9	3	5	7	t
44	FILTRO DE LINHA 6T BIV PRETO PADRAO NOVO PLASTICO	FILTRO DE LINHA 6T BIV PRETO PADRAO NOVO PLASTICO	789044	14.50	21.03	4	1	5	3	t
45	FILTRO DE LINHA 8T PADRAO NOVO METAL	FILTRO DE LINHA 8T PADRAO NOVO METAL	789045	19.00	27.55	47	1	5	14	t
46	FILTRO DE LINHA ENERMAX PERSONAL II 5 TOMADAS	FILTRO DE LINHA ENERMAX PERSONAL II 5 TOMADAS	789046	14.50	21.03	48	1	5	10	t
47	FILTRO DE LINHA FILTERLINE FL5PRP	FILTRO DE LINHA FILTERLINE FL5PRP	789047	21.50	31.18	25	3	5	41	t
48	SUPORTE P/ CPU COM RODAS PRETO AC019	SUPORTE P/ CPU COM RODAS PRETO AC019	789048	34.00	49.30	16	3	5	51	t
49	COOLER  P/AMD/INTEL  HYPER 101 PWN UNIVERSAL COOLER MASTER PN#RR-H101-30PK-RU 	COOLER  P/AMD/INTEL  HYPER 101 PWN UNIVERSAL COOLER MASTER PN#RR-H101-30PK-RU 	789049	39.00	56.55	13	3	4	56	t
50	COOLER THEMALTAKE AM2 AMD CL-P0503	COOLER THEMALTAKE AM2 AMD CL-P0503	789050	13.00	18.85	44	1	4	47	t
51	COOLER CPU T2 RR-T2MN-22FP-R1	COOLER CPU T2 RR-T2MN-22FP-R1	789051	42.00	60.90	58	2	4	46	t
52	COOLER CPU TX3 RR-TX3E-28PK-R1	COOLER CPU TX3 RR-TX3E-28PK-R1	789052	65.00	94.25	4	5	4	6	t
53	COOLER P/ CPU CORSAIR AIR SERIES A50 CAF	COOLER P/ CPU CORSAIR AIR SERIES A50 CAF	789053	62.00	89.90	17	4	4	12	t
54	BASE P/NOTEBOOK THERMAL MASTER C1 PN:R9-NBC-TMC1-GP	BASE P/NOTEBOOK THERMAL MASTER C1 PN:R9-NBC-TMC1-GP	789054	25.00	36.25	26	1	5	42	t
55	BASE P/NOTEBOOK THERMAL MASTER C2 PN:R9-NBC-TMC2-GP	BASE P/NOTEBOOK THERMAL MASTER C2 PN:R9-NBC-TMC2-GP	789055	29.00	42.05	15	3	5	34	t
56	BASE P/ NOTEBOOK ERGONOMIC COOLINK PAD 7 PN:R9-NBC-NPP2-GP	BASE P/ NOTEBOOK ERGONOMIC COOLINK PAD 7 PN:R9-NBC-NPP2-GP	789056	36.00	52.20	12	4	5	37	t
57	FONTE ATX FORTREK 200W 20+4P	FONTE ATX FORTREK 200W 20+4P	789057	29.00	42.05	2	2	8	13	t
58	FONTE ATX 450W GPB-450S 24PS CIL C3TECH	FONTE ATX 450W GPB-450S 24PS CIL C3TECH	789058	101.00	146.45	30	4	8	55	t
59	FONTE ATX 400W RS-400PSAR ELIT POWER	FONTE ATX 400W RS-400PSAR ELIT POWER	789059	131.00	189.95	15	4	8	51	t
60	FONTE ATX 600W Gaming Series  CMPSU-600G  GS600 CMPSU-600G	FONTE ATX 600W Gaming Series  CMPSU-600G  GS600 CMPSU-600G	789060	260.00	377.00	45	1	8	50	t
61	FONTE ATX AEROCOOL STRIKE X 500W EN53815	FONTE ATX AEROCOOL STRIKE X 500W EN53815	789061	165.00	239.25	26	3	8	53	t
62	FONTE ATX 500W SENTEY BRP500	FONTE ATX 500W SENTEY BRP500	789062	139.00	201.55	60	3	8	51	t
63	FONTE ATX 700W CMPSU-700G-WW 	FONTE ATX 700W CMPSU-700G-WW 	789063	347.00	503.15	9	2	8	4	t
64	FONTE EXTREME 600W RS-600-PCAR	FONTE EXTREME 600W RS-600-PCAR	789064	215.00	311.75	4	4	8	33	t
65	FONTE ENERGIA 1000W RS-A00-AMBA-J3	FONTE ENERGIA 1000W RS-A00-AMBA-J3	789065	575.00	833.75	3	2	8	26	t
66	PROC AMD SEMPRON 145 2.8GHZ 1MB BOX	PROC AMD SEMPRON 145 2.8GHZ 1MB BOX	789066	96.00	139.20	22	1	22	18	t
67	PROC AMD APU A4 3300 DUAL-CORE 2.5GHZ FM	PROC AMD APU A4 3300 DUAL-CORE 2.5GHZ FM	789067	138.00	200.10	24	3	22	15	t
68	PROC AMD  ATHLON II  X2 270 3.4GHZ AM3	PROC AMD  ATHLON II  X2 270 3.4GHZ AM3	789068	151.00	218.95	17	4	22	24	t
69	PROC AMD  ATHLON II  X2 250 DC 3.0 2M	PROC AMD  ATHLON II  X2 250 DC 3.0 2M	789069	162.00	234.90	32	4	22	20	t
70	PROC AMD APU A8 3870K QUAD-CORE  BK 3.0Gz 4MB BOX	PROC AMD APU A8 3870K QUAD-CORE  BK 3.0Gz 4MB BOX	789070	331.00	479.95	32	4	22	36	t
71	PROC AMD A6 3670K QUAD-CORE 2.7GHZ 4MB I	PROC AMD A6 3670K QUAD-CORE 2.7GHZ 4MB I	789071	248.00	359.60	19	1	22	31	t
72	PROC AMD FX SERIES 4100 X4 3.6GHZ 12MB	PROC AMD FX SERIES 4100 X4 3.6GHZ 12MB	789072	338.00	490.10	27	3	22	30	t
73	PROC INTEL 1155 CELERON G440 1.6GHZ 1MB BOX	PROC INTEL 1155 CELERON G440 1.6GHZ 1MB BOX	789073	104.00	150.80	57	2	22	22	t
74	PROC INTEL 1155 PENTIUM G645	PROC INTEL 1155 PENTIUM G645	789074	164.00	237.80	18	1	22	45	t
75	PROC INTEL 1155 DUAL-CORE G860 3.0 3M BO	PROC INTEL 1155 DUAL-CORE G860 3.0 3M BO	789075	193.00	279.85	32	4	22	37	t
76	PROC INTEL 1155 PENTIUM DC G630	PROC INTEL 1155 PENTIUM DC G630	789076	174.00	252.30	31	2	22	55	t
77	PROC INTEL-PRO  CORE I3 - 3220	PROC INTEL-PRO  CORE I3 - 3220	789077	355.00	514.75	33	4	22	25	t
78	PROC INTEL 1155 CORE-I5 2310 3.2GHZ 6MB BOX	PROC INTEL 1155 CORE-I5 2310 3.2GHZ 6MB BOX	789078	507.00	735.15	51	2	22	40	t
79	PROC INTEL 1155 CORE I5 3330 3.2 GHZ TUR	PROC INTEL 1155 CORE I5 3330 3.2 GHZ TUR	789079	527.00	764.15	45	2	22	42	t
80	PROC INTEL 1155 CORE-I7 3770 3.4GHZ 8MB BOX   BX80637I73770	PROC INTEL 1155 CORE-I7 3770 3.4GHZ 8MB BOX   BX80637I73770	789080	920.00	1334.00	18	4	22	3	t
81	LEITOR  CART O MEM RIA INTERNO NEW DRIVE  OEM MS/CF/MD/SD/MMC/XD/TF	LEITOR  CART O MEM RIA INTERNO NEW DRIVE  OEM MS/CF/MD/SD/MMC/XD/TF	789081	13.00	18.85	40	1	11	51	t
82	LEITOR E GRAVADOR CARTAO DE MEMORIA 81 EM 1 C/ USB MCRW-IUSB59/BK.	LEITOR E GRAVADOR CARTAO DE MEMORIA 81 EM 1 C/ USB MCRW-IUSB59/BK.	789082	14.50	21.03	9	2	11	7	t
83	LEITOR E GRAVADOR CARTAO DE MEMORIA 81 EM 1 C/ USB MCRW-IUSB59/BK.	LEITOR E GRAVADOR CARTAO DE MEMORIA 81 EM 1 C/ USB MCRW-IUSB59/BK.	789083	17.00	24.65	20	5	11	2	t
84	LEITOR/COPIADOR  3 vias P/CART O DE MEM RIA ENCORE ENUCR-3W	LEITOR/COPIADOR  3 vias P/CART O DE MEM RIA ENCORE ENUCR-3W	789084	18.00	26.10	18	1	11	44	t
85	GRAV/LEITOR SATA DVD-RW LG GH22NS70  PRETA	GRAV/LEITOR SATA DVD-RW LG GH22NS70  PRETA	789085	51.00	73.95	18	2	11	12	t
86	GRAV  BLUE-RAY LITEON SATA 12x PRETO HBS112-04	GRAV  BLUE-RAY LITEON SATA 12x PRETO HBS112-04	789086	227.00	329.15	35	2	11	7	t
87	GRAVADORA EXT. DVD-RW   SE-208AB SAMSUNG	GRAVADORA EXT. DVD-RW   SE-208AB SAMSUNG	789087	86.00	124.70	9	3	11	27	t
88	DVD+R 16X BULK 50 UND 4.7GB 	DVD+R 16X BULK 50 UND 4.7GB 	789088	37.50	54.38	30	2	15	31	t
89	DVD+R GIGASTORAGE 8X4.7GB 50 UND	DVD+R GIGASTORAGE 8X4.7GB 50 UND	789089	32.00	46.40	3	1	15	1	t
90	CD-R 52X BULK 100UND 700MB 	CD-R 52X BULK 100UND 700MB 	789090	60.00	87.00	13	1	15	31	t
91	CD-R 52X BULK 100UND 700MB 	CD-R 52X BULK 100UND 700MB 	789091	0.75	1.09	27	5	15	32	t
92	DVD+R 16X UNID 4.7GB 	DVD+R 16X UNID 4.7GB 	789092	1.00	1.45	31	5	15	20	t
93	ESTABILIZADOR 300VA BIV PRETO 	ESTABILIZADOR 300VA BIV PRETO 	789093	46.50	67.43	13	4	6	37	t
94	ESTABILIZADOR 500VA BIV PRETO 	ESTABILIZADOR 500VA BIV PRETO 	789094	67.00	97.15	22	5	6	5	t
95	ESTABILIZADOR PROT. BMI PTC0300B1P 300VA	ESTABILIZADOR PROT. BMI PTC0300B1P 300VA	789095	53.00	76.85	38	2	6	35	t
96	ESTABILIZADOR PROT. BMI PTO500B1P 500VA	ESTABILIZADOR PROT. BMI PTO500B1P 500VA	789096	87.00	126.15	7	1	6	49	t
97	ESTABILIZADOR PROT. BMI PT1000B1P 1000VA	ESTABILIZADOR PROT. BMI PT1000B1P 1000VA	789097	146.00	211.70	35	3	6	40	t
98	ESTABILIZADOR PROT. BMI PT1500B1P 1500VA	ESTABILIZADOR PROT. BMI PT1500B1P 1500VA	789098	220.00	319.00	47	5	6	35	t
99	ESTABILIZADOR 1000VA BIV PRETO 	ESTABILIZADOR 1000VA BIV PRETO 	789099	89.90	130.36	22	2	6	33	t
100	NOBREAK  BMI MPO700B1P 700VA	NOBREAK  BMI MPO700B1P 700VA	789100	216.00	313.20	35	2	18	45	t
101	NOBREAK  BMI MP1200B1P 1200VA	NOBREAK  BMI MP1200B1P 1200VA	789101	301.00	436.45	38	1	18	21	t
102	NOBREAK  BMI  PL1400B1 1400VA	NOBREAK  BMI  PL1400B1 1400VA	789102	429.00	622.05	36	3	18	23	t
103	NOBREAK 600VA  YUP-E PRETO NT ENERMAX	NOBREAK 600VA  YUP-E PRETO NT ENERMAX	789103	180.00	261.00	33	2	18	9	t
104	FONE DE OUVIDO +MIC SOULTECH COD.6002 PRETO	FONE DE OUVIDO +MIC SOULTECH COD.6002 PRETO	789104	9.90	14.36	15	1	7	17	t
105	FONE DE OUVIDO SIMPLES SOULTECH COD 6003	FONE DE OUVIDO SIMPLES SOULTECH COD 6003	789105	11.90	17.26	4	5	7	13	t
106	FONE DE OUVIDO + MIC MI-2280 TRICERIX	FONE DE OUVIDO + MIC MI-2280 TRICERIX	789106	15.50	22.48	32	1	7	5	t
107	FONE+MIC MI-2260ARC/VOICER COMFORT C3T	FONE+MIC MI-2260ARC/VOICER COMFORT C3T	789107	15.50	22.48	30	2	7	37	t
108	FONE DE OUVIDO MI-2870RS  GAMER RAPTOR	FONE DE OUVIDO MI-2870RS  GAMER RAPTOR	789108	24.50	35.53	18	1	7	17	t
109	GABINETE ELITE 311 COOLER MASTER BLUE	GABINETE ELITE 311 COOLER MASTER BLUE	789109	119.90	173.86	39	1	9	19	t
110	GABINETE ELITE 311 COOLER MASTER RED	GABINETE ELITE 311 COOLER MASTER RED	789110	119.90	173.86	43	5	9	47	t
111	GABINETE CM-RC-250C-KKN1 COOLER MASTER	GABINETE CM-RC-250C-KKN1 COOLER MASTER	789111	131.00	189.95	60	4	9	46	t
112	GABINETE ELITE 330U-KKN1	GABINETE ELITE 330U-KKN1	789112	143.00	207.35	25	1	9	57	t
113	GABINETE ELITE 371 RC-371-KKN1 PRETO/PRA	GABINETE ELITE 371 RC-371-KKN1 PRETO/PRA	789113	155.00	224.75	9	5	9	2	t
114	GABINETE K380 MID TOWER RC-K380-KWN1	GABINETE K380 MID TOWER RC-K380-KWN1	789114	155.00	224.75	57	5	9	59	t
115	GABINETE ATX BLACK/SILVER 3B GA091	GABINETE ATX BLACK/SILVER 3B GA091	789115	79.00	114.55	18	3	9	51	t
116	HD EXTERNO 2.5 MY PASSPORT 500GB WDBKXH5000ABK-NEBZ USB3.0	HD EXTERNO 2.5 MY PASSPORT 500GB WDBKXH5000ABK-NEBZ USB3.0	789116	229.00	332.05	29	4	12	24	t
117	HD EXT  2TB EXPANSION DESKTP PRETO ST	HD EXT  2TB EXPANSION DESKTP PRETO ST	789117	404.00	585.80	53	3	12	3	t
118	HD EXTERNO 2.5  500G SAMSUNG HX-MU050DA/G22  M2 PRETO USB 2.0	HD EXTERNO 2.5  500G SAMSUNG HX-MU050DA/G22  M2 PRETO USB 2.0	789118	198.00	287.10	20	1	12	59	t
119	HD EXT  1TB M3 PORTABLE PRETO HX-M101TCB	HD EXT  1TB M3 PORTABLE PRETO HX-M101TCB	789119	269.00	390.05	50	5	12	31	t
120	GABINETE ELITE 311 COOLER MASTER BLUE	GABINETE ELITE 311 COOLER MASTER BLUE	789120	238.00	345.10	55	4	12	21	t
121	HD SATA 6.0GB/S1TB SEAGATE  7200RPM 32MB ST31000524AS	HD SATA 6.0GB/S1TB SEAGATE  7200RPM 32MB ST31000524AS	789121	245.00	355.25	57	3	12	10	t
122	HD SATA III 500GB  7200RPM   16MB 	HD SATA III 500GB  7200RPM   16MB 	789122	186.00	269.70	8	1	12	26	t
123	HD SATA III 500GB  7200RPM   16MB 	HD SATA III 500GB  7200RPM   16MB 	789123	191.00	276.95	13	3	12	48	t
124	HD NOT SSD SATA 3 120G CORSAIR FORCE SER	HD NOT SSD SATA 3 120G CORSAIR FORCE SER	789124	404.00	585.80	31	1	12	37	t
125	HD NOT SATAII 1 TB 5400RPM 	HD NOT SATAII 1 TB 5400RPM 	789125	264.00	382.80	25	3	12	1	t
126	HD NOT SATA 500GB  5400RPM	HD NOT SATA 500GB  5400RPM	789126	179.00	259.55	4	3	12	11	t
127	HD NOTE SATAII 500GB  SEAGATE	HD NOTE SATAII 500GB  SEAGATE	789127	179.90	260.86	56	1	12	52	t
128	HUB  4P USB 2.0 ENU-4USB	HUB  4P USB 2.0 ENU-4USB	789128	12.00	17.40	19	5	23	48	t
129	SWITCH 08P 10/100TP-LINK MOD.TL-SF1008D	SWITCH 08P 10/100TP-LINK MOD.TL-SF1008D	789129	36.00	52.20	11	2	23	41	t
130	SWITH 16P ENH916P-NWY 10/100 ENCORE	SWITH 16P ENH916P-NWY 10/100 ENCORE	789130	75.00	108.75	42	4	23	46	t
131	SWITH 24P ENH924-AUT 10/100 ENCORE	SWITH 24P ENH924-AUT 10/100 ENCORE	789131	151.00	218.95	16	2	23	27	t
132	PLACA REDE PCI 10/100 TG-3239DL TP-LINK	PLACA REDE PCI 10/100 TG-3239DL TP-LINK	789132	14.90	21.61	46	1	23	31	t
133	PLACA DE REDE PCI EXP. 1X TP-LINK 10/100/1000 TG-3468	PLACA DE REDE PCI EXP. 1X TP-LINK 10/100/1000 TG-3468	789133	28.90	41.91	15	1	23	54	t
134	PLACA REDE PCI 10/100/1000 TG-3269 TP-LI	PLACA REDE PCI 10/100/1000 TG-3269 TP-LI	789134	25.00	36.25	52	3	23	58	t
135	ADAPTADOR WIRELESS  USB  TP-LINK TL-WN722N 150MBPS C/ ANT REMOV.	ADAPTADOR WIRELESS  USB  TP-LINK TL-WN722N 150MBPS C/ ANT REMOV.	789135	35.00	50.75	3	2	23	10	t
136	ADAPTADOR WIRELESS  USB  TP-LINK TL-WN822N 300MBPS C/2 ANT	ADAPTADOR WIRELESS  USB  TP-LINK TL-WN822N 300MBPS C/2 ANT	789136	64.50	93.53	21	5	23	34	t
137	PLACA DE REDE WIRELESS PCI ENCORE ENLWI-1XN42 150MBPS	PLACA DE REDE WIRELESS PCI ENCORE ENLWI-1XN42 150MBPS	789137	39.00	56.55	27	2	23	9	t
138	PLACA DE REDE WIRELESS  PCI  TL-WN851 300MBPS TP-LINK	PLACA DE REDE WIRELESS  PCI  TL-WN851 300MBPS TP-LINK	789138	67.50	97.88	52	3	23	33	t
139	PLACA DE REDE WIRELESS  PCI EXP 1X KAIOMY WA-150P2 150MBPS RALINK	PLACA DE REDE WIRELESS  PCI EXP 1X KAIOMY WA-150P2 150MBPS RALINK	789139	39.90	57.86	5	3	23	41	t
140	PLACA DE REDE PCI WIRE 150MBPS TL-WN751N	PLACA DE REDE PCI WIRE 150MBPS TL-WN751N	789140	37.00	53.65	12	5	23	43	t
141	PLACA MULT SERIAL PCI 2 SERIAIS PARALELA	PLACA MULT SERIAL PCI 2 SERIAIS PARALELA	789141	32.00	46.40	50	2	23	21	t
142	PLACA DE REDE WIRELESS PCI EXP 1X ENCORE ENEWI-2XN45 300MBPS	PLACA DE REDE WIRELESS PCI EXP 1X ENCORE ENEWI-2XN45 300MBPS	789142	43.00	62.35	47	4	23	45	t
143	ROTEADOR 150MBPS TL-WR740N TP-LINK	ROTEADOR 150MBPS TL-WR740N TP-LINK	789143	63.00	91.35	41	4	23	22	t
144	ROTEADOR WIRELESS N 300 MBPS TPLINK TL-WA901ND ACCESS POINT 	ROTEADOR WIRELESS N 300 MBPS TPLINK TL-WA901ND ACCESS POINT 	789144	183.00	265.35	27	4	23	56	t
145	ROTEADOR WIFI TL-WR841N- N 300M 2ANT TP-LINK	ROTEADOR WIFI TL-WR841N- N 300M 2ANT TP-LINK	789145	149.90	217.36	2	4	23	38	t
146	MODEM 3G NOKIA CS15 4BA/C/CAB PRETO S/G	MODEM 3G NOKIA CS15 4BA/C/CAB PRETO S/G	789146	79.00	114.55	9	5	23	58	t
147	MODEM 3G USB E173 4BA ANATEL BR S/G HUAW	MODEM 3G USB E173 4BA ANATEL BR S/G HUAW	789147	69.90	101.36	4	1	23	19	t
148	"MODEM ADSL2+ DSL-500 B II GER D""LINK"	"MODEM ADSL2+ DSL-500 B II GER D""LINK"	789148	53.00	76.85	9	5	23	51	t
149	MODEM ADSL DSL-210 D-LINK USB	MODEM ADSL DSL-210 D-LINK USB	789149	29.90	43.36	57	5	23	54	t
150	MODEM ADSL2+ TP-LINK TD-8816	MODEM ADSL2+ TP-LINK TD-8816	789150	52.00	75.40	46	3	23	36	t
151	MODEM ADSL 2+ ROTEADOR WIRELESS DSL-2730B 150mbps	MODEM ADSL 2+ ROTEADOR WIRELESS DSL-2730B 150mbps	789151	105.00	152.25	54	5	23	11	t
152	IMPRESSORA HP DESKJET 1000	IMPRESSORA HP DESKJET 1000	789152	129.90	188.36	3	2	13	57	t
153	IMPRESSORA DESKJET INK ADVANTAGE 2516	IMPRESSORA DESKJET INK ADVANTAGE 2516	789153	249.90	362.36	12	4	13	23	t
154	IMPRESSORA HP OFFICEJET 6310	IMPRESSORA HP OFFICEJET 6310	789154	339.00	491.55	4	1	13	14	t
155	IMPRESSORA DESKJET INK ADVANTAGE 3516	IMPRESSORA DESKJET INK ADVANTAGE 3516	789155	269.90	391.36	34	5	13	1	t
156	IMPRESSORA MULT HP DESKJET 2050	IMPRESSORA MULT HP DESKJET 2050	789156	224.00	324.80	46	2	13	16	t
157	IMPRESSORA LASER MONO SAMSUNG ML-2165W 110V (WIRELESS)	IMPRESSORA LASER MONO SAMSUNG ML-2165W 110V (WIRELESS)	789157	299.00	433.55	31	4	13	20	t
158	MULTIFUNCIONAL LASER MONO SCX-3405W/XAZ 110v WI-FI (SCANER/COPIA/IMP)	MULTIFUNCIONAL LASER MONO SCX-3405W/XAZ 110v WI-FI (SCANER/COPIA/IMP)	789158	507.00	735.15	31	2	13	15	t
159	MEMORIA  DDR 400 512MB  MATRIZ	MEMORIA  DDR 400 512MB  MATRIZ	789159	55.00	79.75	50	3	14	40	t
160	MEMORIA DDR 400 1GB KINGSTON	MEMORIA DDR 400 1GB KINGSTON	789160	62.00	89.90	10	4	14	30	t
161	MEM RIA 1GB DDR2 667 MARKVISION   	MEM RIA 1GB DDR2 667 MARKVISION   	789161	40.00	58.00	35	2	14	32	t
162	MEMORIA DDR2 667 2GB KINGSTON	MEMORIA DDR2 667 2GB KINGSTON	789162	79.90	115.86	59	5	14	31	t
163	MEM RIA 1GB DDR2 667 KINGSTON	MEM RIA 1GB DDR2 667 KINGSTON	789163	71.00	102.95	50	5	14	19	t
164	MEMORIA DDR2 800 2GB MARKVISION	MEMORIA DDR2 800 2GB MARKVISION	789164	75.00	108.75	53	5	14	14	t
165	MEM RIA 2GB DDR3 1333 MARKVISION	MEM RIA 2GB DDR3 1333 MARKVISION	789165	35.00	50.75	32	5	14	31	t
166	MEM RIA 2GB DDR3 1333 KINGSTON	MEM RIA 2GB DDR3 1333 KINGSTON	789166	41.00	59.45	29	3	14	9	t
167	MEM RIA 4GB DDR3 1333 MARKVISION	MEM RIA 4GB DDR3 1333 MARKVISION	789167	59.00	85.55	18	2	14	19	t
168	MEM RIA 4GB DDR3 1333 KINGSTON	MEM RIA 4GB DDR3 1333 KINGSTON	789168	65.00	94.25	22	1	14	56	t
169	MEM RIA 8GB DDR3 1333 KINGSTON	MEM RIA 8GB DDR3 1333 KINGSTON	789169	132.00	191.40	5	1	14	19	t
170	MEM RIA 8GB DDR3 1600MHZ CORSAIR XMS3 C/DISSIPADOR	MEM RIA 8GB DDR3 1600MHZ CORSAIR XMS3 C/DISSIPADOR	789170	193.00	279.85	48	1	14	13	t
171	MEM RIA NOTEBOOK 1GB DDR2 800 	MEM RIA NOTEBOOK 1GB DDR2 800 	789171	45.00	65.25	36	4	14	3	t
172	MEM RIA NOTEBOOK 2GB DDR2 667	MEM RIA NOTEBOOK 2GB DDR2 667	789172	81.00	117.45	56	2	14	58	t
173	MEM RIA NOTEBOOK 2GB DDR2 800 	MEM RIA NOTEBOOK 2GB DDR2 800 	789173	75.00	108.75	50	4	14	45	t
174	MEMORIA NOT DDR 400 1GB 	MEMORIA NOT DDR 400 1GB 	789174	69.00	100.05	10	1	14	38	t
175	MEMORIA NOT DDR3 1333 2GB MARKVISION	MEMORIA NOT DDR3 1333 2GB MARKVISION	789175	38.00	55.10	38	5	14	32	t
176	MEMORIA DDR3 NOT 1333 4GB 	MEMORIA DDR3 NOT 1333 4GB 	789176	59.00	85.55	53	4	14	56	t
177	MEMORIA NOTEBOOK 4GB DDR3 1333 	MEMORIA NOTEBOOK 4GB DDR3 1333 	789177	65.00	94.25	32	3	14	16	t
178	CART O DE MEMORIA STICK 8GB PRO SONY              	CART O DE MEMORIA STICK 8GB PRO SONY              	789178	69.00	100.05	7	1	15	24	t
179	MEM SDHC 2GB + MICRO SD  SANDISK	MEM SDHC 2GB + MICRO SD  SANDISK	789179	10.90	15.81	53	2	15	22	t
180	CART O DE MEMORIA  SDHC 2GB +ADAP. MICRO SD  	CART O DE MEMORIA  SDHC 2GB +ADAP. MICRO SD  	789180	11.00	15.95	55	1	15	26	t
181	CART O DE MEMORIA  SDHC 4GB +ADAP. MICRO SD  	CART O DE MEMORIA  SDHC 4GB +ADAP. MICRO SD  	789181	13.50	19.58	59	3	15	24	t
182	CART O DE MEM RIA  SDHC 8GB +ADAP. MICRO SD	CART O DE MEM RIA  SDHC 8GB +ADAP. MICRO SD	789182	21.00	30.45	8	4	15	49	t
183	CART O DE MEM RIA  SDHC 16GB KINGSTON MICRO C/ADAP 	CART O DE MEM RIA  SDHC 16GB KINGSTON MICRO C/ADAP 	789183	37.00	53.65	24	3	15	9	t
184	MEM SDHC 32GB SANDISK	MEM SDHC 32GB SANDISK	789184	66.00	95.70	21	2	15	47	t
185	MEMORIA SDHC 16GB MICRO C/ ADAP SANDISK	MEMORIA SDHC 16GB MICRO C/ ADAP SANDISK	789185	36.00	52.20	55	4	15	57	t
186	MB AM3 BIOSTAR A 960G+ SMART	MB AM3 BIOSTAR A 960G+ SMART	789186	138.00	200.10	58	1	20	21	t
187	MB AMD SFM1 GIGABYTE GA-A55MDS2 S/V/R	MB AMD SFM1 GIGABYTE GA-A55MDS2 S/V/R	789187	198.00	287.10	13	3	20	23	t
188	MB AMD SFM1 GIGABYTE GA-A75MDS2 USB3.0	MB AMD SFM1 GIGABYTE GA-A75MDS2 USB3.0	789188	247.00	358.15	28	1	20	24	t
189	MB 775 INTEL DG41WVBR DDR3	MB 775 INTEL DG41WVBR DDR3	789189	137.00	198.65	22	3	20	3	t
190	MB 1155 MSI H61M-P31 GEN 3	MB 1155 MSI H61M-P31 GEN 3	789190	159.00	230.55	4	2	20	14	t
191	MB 1155 H61M-DS2 GIGABYTE	MB 1155 H61M-DS2 GIGABYTE	789191	159.00	230.55	59	3	20	16	t
192	MB 1155 B75M-D3H 40 - GIGABYTE I3/I5/I7	MB 1155 B75M-D3H 40 - GIGABYTE I3/I5/I7	789192	215.00	311.75	48	5	20	54	t
193	MONITOR LED 15.6 E1641S LG PRETO	MONITOR LED 15.6 E1641S LG PRETO	789193	219.90	318.86	36	2	16	23	t
194	"MONITOR LCD 15.6"" MOD S16B110N SAMSUNG"	"MONITOR LCD 15.6"" MOD S16B110N SAMSUNG"	789194	222.00	321.90	54	3	16	7	t
195	"MONITOR LED 18.5"" E950SWN AOC PRETO"	"MONITOR LED 18.5"" E950SWN AOC PRETO"	789195	283.00	410.35	31	4	16	55	t
196	MONITOR LED 19  LS19B300BSLZD SAMSUNG	MONITOR LED 19  LS19B300BSLZD SAMSUNG	789196	289.00	419.05	53	5	16	1	t
197	"MONITOR LED 20"" S20B300B SAMSUNG"	"MONITOR LED 20"" S20B300B SAMSUNG"	789197	319.80	463.71	12	3	16	6	t
198	MONITOR LED 21.5 E2241C LG PRETO	MONITOR LED 21.5 E2241C LG PRETO	789198	369.90	536.36	27	1	16	18	t
199	MONITOR LED 21.5 E2241V-PN LG PRETO	MONITOR LED 21.5 E2241V-PN LG PRETO	789199	379.00	549.55	56	2	16	56	t
200	"MONITOR  21.5""  LED AOC E2250SWN"	"MONITOR  21.5""  LED AOC E2250SWN"	789200	359.00	520.55	59	2	16	48	t
201	MONITOR  23P LG IPS234V LED	MONITOR  23P LG IPS234V LED	789201	525.00	761.25	56	3	16	42	t
202	"MONITOR / TV LED 21.5"" Full HD M2250D  Preto LG"	"MONITOR / TV LED 21.5"" Full HD M2250D  Preto LG"	789202	537.00	778.65	42	1	16	58	t
203	"MONITOR TV LED 23"" PHILIPS 231TE4L"	"MONITOR TV LED 23"" PHILIPS 231TE4L"	789203	576.00	835.20	51	1	16	55	t
204	MONITOR / TV LED 23 Full HD M2350D Preto LG	MONITOR / TV LED 23 Full HD M2350D Preto LG	789204	618.00	896.10	14	4	16	6	t
205	MOUSE SOULTECH - SOULCLICK USB COD 1003	MOUSE SOULTECH - SOULCLICK USB COD 1003	789205	8.90	12.91	41	2	17	9	t
206	MOUSE OPTICO MINI FIT PRETO/PRATA USB CO.MO012	MOUSE OPTICO MINI FIT PRETO/PRATA USB CO.MO012	789206	11.50	16.68	9	1	17	50	t
207	MOUSE OPT  EMBORRACHADO 800DPI SOULTECH USB COD.1007 PRETO	MOUSE OPT  EMBORRACHADO 800DPI SOULTECH USB COD.1007 PRETO	789207	10.50	15.23	6	4	17	32	t
208	MOUSE OPTICO RETRATIL MINI PRETO/PRATA USB  COD.MO073	MOUSE OPTICO RETRATIL MINI PRETO/PRATA USB  COD.MO073	789208	12.50	18.13	11	1	17	43	t
209	MOUSE OPTICO PRETO USB MO130 MULTILASER	MOUSE OPTICO PRETO USB MO130 MULTILASER	789209	8.50	12.33	18	1	17	46	t
210	MOUSE OPTICO USB PRETO/PRATA COD.MO010	MOUSE OPTICO USB PRETO/PRATA COD.MO010	789210	11.90	17.26	37	5	17	49	t
211	MOUSE OPT MINI RETRATIL USB COD.MO048	MOUSE OPT MINI RETRATIL USB COD.MO048	789211	9.90	14.36	6	2	17	38	t
212	MOUSE PROFISIONAL RAP.MO164	MOUSE PROFISIONAL RAP.MO164	789212	22.00	31.90	35	4	17	13	t
213	MOUSE OPTICO SOULTECH PS2 COD.1008 PRETO 	MOUSE OPTICO SOULTECH PS2 COD.1008 PRETO 	789213	9.50	13.78	29	2	17	24	t
214	MOUSE OPT WIRELESS COMFORT MO104 PRETO/PRATA	MOUSE OPT WIRELESS COMFORT MO104 PRETO/PRATA	789214	34.00	49.30	25	3	17	43	t
215	MOUSE OPT WIRELESS MO107 INFINITY BRANCO	MOUSE OPT WIRELESS MO107 INFINITY BRANCO	789215	32.00	46.40	39	1	17	46	t
216	MOUSE OPT WIRELESS 800 DPI SOULTECH COD.1005 PRETO	MOUSE OPT WIRELESS 800 DPI SOULTECH COD.1005 PRETO	789216	32.00	46.40	47	4	17	18	t
217	MOUSE OPT  MINI WIRELESS SOULTECH COD.1006 PRETO	MOUSE OPT  MINI WIRELESS SOULTECH COD.1006 PRETO	789217	29.90	43.36	31	1	17	13	t
218	TABLET GENESIS GT-7200 1.2/512/4/2C/TELA 7 	TABLET GENESIS GT-7200 1.2/512/4/2C/TELA 7 	789218	310.00	449.50	37	1	24	54	t
219	TABLET GENESIS GT-7205S 1.2/1GB/4/2C/7'	TABLET GENESIS GT-7205S 1.2/1GB/4/2C/7'	789219	330.00	478.50	34	3	24	16	t
220	TABLET GENESIS GT-7220	TABLET GENESIS GT-7220	789220	330.00	478.50	40	5	24	14	t
221	TABLET GENESIS GT- 8230	TABLET GENESIS GT- 8230	789221	413.00	598.85	28	3	24	17	t
222	SMARTPHONE GENESIS GP-501	SMARTPHONE GENESIS GP-501	789222	451.00	653.95	33	4	24	14	t
223	TABLET GENESIS GT-7240	TABLET GENESIS GT-7240	789223	354.00	513.30	41	5	24	47	t
224	PEN DRIVE 4 GB KINGSTON DT101G2 AZUL	PEN DRIVE 4 GB KINGSTON DT101G2 AZUL	789224	14.50	21.03	4	1	19	35	t
225	PEN DRIVE 8GB SANDISK Z33 MINI	PEN DRIVE 8GB SANDISK Z33 MINI	789225	20.50	29.73	29	2	19	43	t
226	PEN DRIVE 8 GB KINGSTON DT101G2 VERMELHO	PEN DRIVE 8 GB KINGSTON DT101G2 VERMELHO	789226	21.00	30.45	9	2	19	37	t
227	PEN DRIVE 16GB TDK TF10	PEN DRIVE 16GB TDK TF10	789227	29.00	42.05	29	1	19	31	t
228	PEN DRIVE 16 GB PRETO DT101G2  KINGSTON	PEN DRIVE 16 GB PRETO DT101G2  KINGSTON	789228	31.60	45.82	2	5	19	2	t
229	PEN DRIVE 32GB TDK	PEN DRIVE 32GB TDK	789229	59.00	85.55	2	4	19	55	t
230	PEN DRIVE 4GB SDCZ50 PRET/VERM SANDISK	PEN DRIVE 4GB SDCZ50 PRET/VERM SANDISK	789230	15.50	22.48	42	4	19	26	t
231	PEN DRIVE 8GB SDCZ50 PRET/VERM SANDISK	PEN DRIVE 8GB SDCZ50 PRET/VERM SANDISK	789231	19.50	28.28	50	3	19	7	t
232	PEN DRIVE 8 GB AZUL MARKVISION	PEN DRIVE 8 GB AZUL MARKVISION	789232	19.80	28.71	51	2	19	18	t
233	PEN DRIVE 32 GB AZUL MARKVISION	PEN DRIVE 32 GB AZUL MARKVISION	789233	59.00	85.55	21	2	19	40	t
234	PEN DRIVE 16GB SDCZ50 PRET/VERM SANDISK	PEN DRIVE 16GB SDCZ50 PRET/VERM SANDISK	789234	27.00	39.15	4	1	19	2	t
235	PLACAS PCI /SOM/TV/USB/FAX	PLACAS PCI /SOM/TV/USB/FAX	789235	25.00	36.25	18	3	21	39	t
236	PLACA PCI COM 4+1 USB 2.0 	PLACA PCI COM 4+1 USB 2.0 	789236	19.00	27.55	35	4	21	25	t
237	PLACA DE SOM PCI CREATIVE AWE CT 4810	PLACA DE SOM PCI CREATIVE AWE CT 4810	789237	21.00	30.45	9	2	21	8	t
238	PLACA DE SOM ENCORE ENM232-6VIA 5.1CH	PLACA DE SOM ENCORE ENM232-6VIA 5.1CH	789238	23.00	33.35	16	2	21	31	t
239	PLACA DE SOM ENCORE ENM232-8VIA 	PLACA DE SOM ENCORE ENM232-8VIA 	789239	27.00	39.15	53	2	21	56	t
240	PLACA DE CAPTURA ENCORE ENLTV-FM3	PLACA DE CAPTURA ENCORE ENLTV-FM3	789240	57.00	82.65	57	5	21	50	t
241	TECLADO USB STANDART USB SOULTECH PRETO COD 2003	TECLADO USB STANDART USB SOULTECH PRETO COD 2003	789241	12.70	18.42	50	4	25	53	t
242	TECLADO MULTIMIDIA USB TC126 PRETO	TECLADO MULTIMIDIA USB TC126 PRETO	789242	14.50	21.03	17	4	25	32	t
243	TECLADO USB FLAT TC102 BRANCO	TECLADO USB FLAT TC102 BRANCO	789243	28.70	41.62	18	3	25	29	t
244	TECLADO MULTIMIDIA USB SLIM PRETO  COD TC071	TECLADO MULTIMIDIA USB SLIM PRETO  COD TC071	789244	17.00	24.65	14	3	25	11	t
245	TECLADO MULTIMIDIA SLIM USB TC 127 PRETO 	TECLADO MULTIMIDIA SLIM USB TC 127 PRETO 	789245	24.00	34.80	3	3	25	48	t
246	TECLADO MULTIMIDIA SLIM USB TC 128 PRETO 	TECLADO MULTIMIDIA SLIM USB TC 128 PRETO 	789246	25.00	36.25	60	4	25	41	t
247	TECLADO MULTIMIDI  PS2 SOULTECH COD.2009	TECLADO MULTIMIDI  PS2 SOULTECH COD.2009	789247	15.50	22.48	14	1	25	45	t
248	TECLADO STANDART PS2 0115 TC047 	TECLADO STANDART PS2 0115 TC047 	789248	11.50	16.68	16	3	25	18	t
249	KIT TECLADO E MOUSE OPT S/FIO K-W600BK C3 TECH	KIT TECLADO E MOUSE OPT S/FIO K-W600BK C3 TECH	789249	59.00	85.55	40	4	25	16	t
250	KIT TEC/MOUSE S/FIO USB WIRED 800 DESKTO	KIT TEC/MOUSE S/FIO USB WIRED 800 DESKTO	789250	99.00	143.55	60	5	25	11	t
251	KIT TECLADO E MOUSE MICROSOFT APB-0005 WIRED DESKTOP 600	KIT TECLADO E MOUSE MICROSOFT APB-0005 WIRED DESKTOP 600	789251	55.00	79.75	42	5	25	44	t
252	KIT TECLADO E MOUSE PKC-750B PLEOMAX 	KIT TECLADO E MOUSE PKC-750B PLEOMAX 	789252	55.00	79.75	20	1	25	50	t
253	VGA AGP NVIDEA EVGA 6200A 256Mb DDR2 64-bit 	VGA AGP NVIDEA EVGA 6200A 256Mb DDR2 64-bit 	789253	110.00	159.50	2	1	26	44	t
254	VGA PCI-E 1GB  MSI  N210-MD1GD3H/LP	VGA PCI-E 1GB  MSI  N210-MD1GD3H/LP	789254	96.00	139.20	44	4	26	46	t
255	VGA PCI EXP.1GB ECS GT440 810M DDR3	VGA PCI EXP.1GB ECS GT440 810M DDR3	789255	224.00	324.80	18	1	26	19	t
256	VGA PCI EXP  1GB  DDR3 EN210 GERFORCE	VGA PCI EXP  1GB  DDR3 EN210 GERFORCE	789256	107.00	155.15	10	1	26	38	t
257	VGA PCI EXP 1GB DDR3 ENGT430  GEFORCE	VGA PCI EXP 1GB DDR3 ENGT430  GEFORCE	789257	195.00	282.75	14	2	26	28	t
258	VGA PCI EXP.1GB POWER COLOR AX5750 DDR5	VGA PCI EXP.1GB POWER COLOR AX5750 DDR5	789258	219.00	317.55	49	1	26	20	t
259	VGA PCI  EXP.1GB SAPPHIR HD6670 800 DDR3	VGA PCI  EXP.1GB SAPPHIR HD6670 800 DDR3	789259	257.00	372.65	13	1	26	7	t
260	VGA PCI-E 1GB XFX HD6870 900 DDR5 ZHFC	VGA PCI-E 1GB XFX HD6870 900 DDR5 ZHFC	789260	624.00	904.80	50	3	26	32	t
261	VGA PCI-E 1GB NVIDEA POINT OF VIEW GTX 550 TI 2DVI HDMI	VGA PCI-E 1GB NVIDEA POINT OF VIEW GTX 550 TI 2DVI HDMI	789261	413.00	598.85	8	1	26	4	t
262	VGA PCI EXP.1GB PWCOLOR ATI HD6670 DDR3	VGA PCI EXP.1GB PWCOLOR ATI HD6670 DDR3	789262	262.00	379.90	5	5	26	52	t
263	VGA PCI-E 1GB ZOGIS NVIDEA GTX 550 TI 900M DDR5	VGA PCI-E 1GB ZOGIS NVIDEA GTX 550 TI 900M DDR5	789263	435.00	630.75	21	4	26	49	t
264	VGA PCI-E 1GB EVGA GTX 560 810M DDR5	VGA PCI-E 1GB EVGA GTX 560 810M DDR5	789264	559.90	811.86	2	5	26	2	t
265	WEBCAM SOULTECH SOULCAM COD.9002	WEBCAM SOULTECH SOULCAM COD.9002	789265	23.00	33.35	29	1	27	45	t
266	WEBCAM WB2104P 300K 30.0M BSI U2M C3T	WEBCAM WB2104P 300K 30.0M BSI U2M C3T	789266	29.90	43.36	9	5	27	53	t
267	WEBCAM LIFECAM VX800 PRETO MICROSOFT	WEBCAM LIFECAM VX800 PRETO MICROSOFT	789267	45.00	65.25	6	5	27	8	t
268	WEB CAM HANTOL SNAKE AZUL 5.0 MEGA  PIXEL	WEB CAM HANTOL SNAKE AZUL 5.0 MEGA  PIXEL	789268	29.90	43.36	31	1	27	42	t
269	WEBCAM LIFECAM VX-2000 PRETO MICROSOFT	WEBCAM LIFECAM VX-2000 PRETO MICROSOFT	789269	77.00	111.65	13	4	27	2	t
\.


--
-- TOC entry 5068 (class 0 OID 0)
-- Dependencies: 219
-- Name: categoria_id_seq; Type: SEQUENCE SET; Schema: public; Owner: postgres
--

SELECT pg_catalog.setval('public.categoria_id_seq', 29, true);


--
-- TOC entry 5069 (class 0 OID 0)
-- Dependencies: 221
-- Name: fornecedor_id_seq; Type: SEQUENCE SET; Schema: public; Owner: postgres
--

SELECT pg_catalog.setval('public.fornecedor_id_seq', 60, false);


--
-- TOC entry 5070 (class 0 OID 0)
-- Dependencies: 225
-- Name: movimentacao_estoque_id_seq; Type: SEQUENCE SET; Schema: public; Owner: postgres
--

SELECT pg_catalog.setval('public.movimentacao_estoque_id_seq', 49, false);


--
-- TOC entry 5071 (class 0 OID 0)
-- Dependencies: 223
-- Name: produto_id_seq; Type: SEQUENCE SET; Schema: public; Owner: postgres
--

SELECT pg_catalog.setval('public.produto_id_seq', 270, false);


--
-- TOC entry 4886 (class 2606 OID 16469)
-- Name: categoria categoria_pkey; Type: CONSTRAINT; Schema: public; Owner: postgres
--

ALTER TABLE ONLY public.categoria
    ADD CONSTRAINT categoria_pkey PRIMARY KEY (id);


--
-- TOC entry 4888 (class 2606 OID 16481)
-- Name: fornecedor fornecedor_pkey; Type: CONSTRAINT; Schema: public; Owner: postgres
--

ALTER TABLE ONLY public.fornecedor
    ADD CONSTRAINT fornecedor_pkey PRIMARY KEY (id);


--
-- TOC entry 4892 (class 2606 OID 16525)
-- Name: movimentacao_estoque movimentacao_estoque_pkey; Type: CONSTRAINT; Schema: public; Owner: postgres
--

ALTER TABLE ONLY public.movimentacao_estoque
    ADD CONSTRAINT movimentacao_estoque_pkey PRIMARY KEY (id);


--
-- TOC entry 4890 (class 2606 OID 16499)
-- Name: produto produto_pkey; Type: CONSTRAINT; Schema: public; Owner: postgres
--

ALTER TABLE ONLY public.produto
    ADD CONSTRAINT produto_pkey PRIMARY KEY (id);


--
-- TOC entry 4893 (class 2606 OID 16500)
-- Name: produto fk_categoria; Type: FK CONSTRAINT; Schema: public; Owner: postgres
--

ALTER TABLE ONLY public.produto
    ADD CONSTRAINT fk_categoria FOREIGN KEY (id_categoria) REFERENCES public.categoria(id);


--
-- TOC entry 4894 (class 2606 OID 16505)
-- Name: produto fk_fornecedor; Type: FK CONSTRAINT; Schema: public; Owner: postgres
--

ALTER TABLE ONLY public.produto
    ADD CONSTRAINT fk_fornecedor FOREIGN KEY (id_fornecedor) REFERENCES public.fornecedor(id);


--
-- TOC entry 4895 (class 2606 OID 16526)
-- Name: movimentacao_estoque fk_produto; Type: FK CONSTRAINT; Schema: public; Owner: postgres
--

ALTER TABLE ONLY public.movimentacao_estoque
    ADD CONSTRAINT fk_produto FOREIGN KEY (id_produto) REFERENCES public.produto(id);


--
-- TOC entry 5056 (class 0 OID 0)
-- Dependencies: 220
-- Name: TABLE categoria; Type: ACL; Schema: public; Owner: postgres
--

GRANT SELECT,INSERT,DELETE,UPDATE ON TABLE public.categoria TO ceit_user;


--
-- TOC entry 5058 (class 0 OID 0)
-- Dependencies: 219
-- Name: SEQUENCE categoria_id_seq; Type: ACL; Schema: public; Owner: postgres
--

GRANT SELECT,USAGE ON SEQUENCE public.categoria_id_seq TO ceit_user;


--
-- TOC entry 5059 (class 0 OID 0)
-- Dependencies: 222
-- Name: TABLE fornecedor; Type: ACL; Schema: public; Owner: postgres
--

GRANT SELECT,INSERT,DELETE,UPDATE ON TABLE public.fornecedor TO ceit_user;


--
-- TOC entry 5061 (class 0 OID 0)
-- Dependencies: 221
-- Name: SEQUENCE fornecedor_id_seq; Type: ACL; Schema: public; Owner: postgres
--

GRANT SELECT,USAGE ON SEQUENCE public.fornecedor_id_seq TO ceit_user;


--
-- TOC entry 5062 (class 0 OID 0)
-- Dependencies: 226
-- Name: TABLE movimentacao_estoque; Type: ACL; Schema: public; Owner: postgres
--

GRANT SELECT,INSERT,DELETE,UPDATE ON TABLE public.movimentacao_estoque TO ceit_user;


--
-- TOC entry 5064 (class 0 OID 0)
-- Dependencies: 225
-- Name: SEQUENCE movimentacao_estoque_id_seq; Type: ACL; Schema: public; Owner: postgres
--

GRANT SELECT,USAGE ON SEQUENCE public.movimentacao_estoque_id_seq TO ceit_user;


--
-- TOC entry 5065 (class 0 OID 0)
-- Dependencies: 224
-- Name: TABLE produto; Type: ACL; Schema: public; Owner: postgres
--

GRANT SELECT,INSERT,DELETE,UPDATE ON TABLE public.produto TO ceit_user;


--
-- TOC entry 5067 (class 0 OID 0)
-- Dependencies: 223
-- Name: SEQUENCE produto_id_seq; Type: ACL; Schema: public; Owner: postgres
--

GRANT SELECT,USAGE ON SEQUENCE public.produto_id_seq TO ceit_user;


-- Completed on 2026-06-12 13:51:42

--
-- PostgreSQL database dump complete
--

\unrestrict 0k3y2mX8Y4Lwvjvc4aR8vUfNsJBHhoMCdpwXEPbYJdQOgc2jg3PQIRb5FWGjorS

